Email,Due Date,First Name,Last Name,Responses,Marketing Activity: Marketing Activity Name,Marketing Activity: Owner Name
alex.rivera@example.com,"9/15/2026, 9:39 AM",Alex,R,"Submitted a Form. Data Submitted: emailAddress=alex.rivera@example.com firstName=David lastName=J mobilePhone=5555555555 zipPostal=55555 Football=on Volleyball= mensBasketball= Softball= womensBasketball= Baseball= PremiumSeating= SingleGameTickets=on SeasonTickets= GroupTickets= additionalQuestionsorComments=OU+vs+TX,+A&M+vs+Tx+&+LSU+vs+TX submit=",Form Submit: SFDC Ticket Info Form : 2026-09-15 10:39:40.287,user
sam.diaz@example.com,"9/15/2026, 8:53 AM",Sam,D,"Submitted a Form. Data Submitted: emailAddress=sam.diaz@example.com
 firstName=Isaiah lastName=E mobilePhone=5555555555 zipPostal=55555 Football=on Volleyball= mensBasketball= Softball= womensBasketball= Baseball= PremiumSeating= SingleGameTickets= SeasonTickets= GroupTickets=on additionalQuestionsorComments=Hi!+We+are+doing+a+group+trip+to+the+Texas-Florida+game+on+October+17th.+My+brother+is+a+Texas+Ex+and+my+friends+and+I+were+looking+for+8+tickets+to+that+game.+If+there+are+any+options+available+to+keep+us+together,+whether+it's+all+8+together+or+any+combination+in+close+proximity,+we+would+greatly+appreciate+any+information+on+that! submit=",Form Submit: SFDC Ticket Info Form : 2026-09-15 09:53:56.063,user
jordan.lee@example.net,"9/15/2026, 4:42 AM",Jordan,L,"Submitted a Form. Data Submitted: emailAddress=jordan.lee@example.net
 firstName=Graham lastName=U mobilePhone=5555555555 zipPostal=55555 Football=on Volleyball= mensBasketball= Softball= womensBasketball= Baseball= PremiumSeating= SingleGameTickets= SeasonTickets=on GroupTickets= additionalQuestionsorComments= submit=",Form Submit: SFDC Ticket Info Form : 2026-09-15 05:42:29.917,user
morgan.taylor@example.org,"9/15/2026, 2:28 AM",Morgan,T,Submitted a Form. Data Submitted: emailAddress=morgan.taylor@example.org firstName=Jim lastName=A mobilePhone=5555555555 zipPostal=55555 Football=on Volleyball= mensBasketball= Softball= womensBasketball= Baseball= PremiumSeating= SingleGameTickets=on SeasonTickets= GroupTickets= additionalQuestionsorComments= submit=,Form Submit: SFDC Ticket Info Form : 2026-09-15 03:28:08.460,user
george.michael@example.net,"9/14/2026, 9:09 PM",George,M,Submitted a Form. Data Submitted: emailAddress=george.michael@example.net firstName=George lastName=M mobilePhone=5555555555 zipPostal=55555 Football=on Volleyball= mensBasketball= Softball= womensBasketball= Baseball= PremiumSeating= SingleGameTickets= SeasonTickets=on GroupTickets= additionalQuestionsorComments= submit=,Form Submit: SFDC Ticket Info Form : 2026-09-14 22:09:35.323,user
brian.moreno@example.com,"9/14/2026, 8:40 PM",Brian,M,Submitted a Form. Data Submitted: emailAddress=brian.moreno@example.com firstName=Brian lastName=M mobilePhone=5555555555 zipPostal=55555 Football=on Volleyball= mensBasketball= Softball= womensBasketball= Baseball= PremiumSeating= SingleGameTickets= SeasonTickets=on GroupTickets= additionalQuestionsorComments= submit=,Form Submit: SFDC Ticket Info Form : 2026-09-14 21:40:56.220,user
nessa.merrick@example.net,"9/14/2026, 6:43 PM",Nessa,M,Submitted a Form. Data Submitted: emailAddress=nessa.merrick@example.net firstName=Nessa lastName=M mobilePhone=5555555555 zipPostal=55555 Football=on Volleyball=on mensBasketball= Softball= womensBasketball= Baseball= PremiumSeating=on SingleGameTickets=on SeasonTickets=on GroupTickets=on additionalQuestionsorComments= submit=,Form Submit: SFDC Ticket Info Form : 2026-09-14 19:43:54.150,user
oliver.miller@example.com,"9/14/2026, 6:41 PM",Oliver,M,Submitted a Form. Data Submitted: emailAddress=oliver.miller@example.com firstName=Oliver lastName=M mobilePhone=5555555555 zipPostal=55555 Football=on Volleyball= mensBasketball= Softball= womensBasketball= Baseball= PremiumSeating= SingleGameTickets=on SeasonTickets= GroupTickets= additionalQuestionsorComments= submit=,Form Submit: SFDC Ticket Info Form : 2026-09-14 19:41:08.217,user
maddie.morris@example.net,"9/14/2026, 6:32 PM",Maddie,M,Submitted a Form. Data Submitted: emailAddress=maddie.morris@example.net firstName=Maddie lastName=M mobilePhone=5555555555 zipPostal=55555 Football=on Volleyball= mensBasketball= Softball= womensBasketball= Baseball= PremiumSeating= SingleGameTickets=on SeasonTickets= GroupTickets= additionalQuestionsorComments=Tennessee+game submit=,Form Submit: SFDC Ticket Info Form : 2026-09-14 19:32:45.250,user
